일반명코드,일반명
101301AEL,ace
D13800ACS,ace
D13700ACS,ace
D13700ACS,ace
D13600ACS,ace
D13600ACS,ace
D13500ACS,ace
D13800ACS,ace
D12600ATB,ace
D12000ACH,ace
D11900ACS,ace
D11800ACS,ace
D11200ATB,ace
D10900ACS,ace
D10900ACS,ace
D12500ATB,ace
D13900ACH,ace
D14000ACH,ace
D14400ATB,ace
D17600ACS,ace
D17600ACS,ace
D17500ACS,ace
D17500ACS,ace
D17400ACS,ace
D17400ACS,ace
D17300ACS,ace
D17300ACS,ace
D17200ACS,ace
D17200ACS,ace
D16500ATB,ace
D16000ALQ,ace
D15800ACS,ace
D14800ATB,ace
D14700ATB,ace
D10800ACS,ace
D10500ACH,ace
D10100ACH,ace
D08500ALQ,ace
C98100ACH,ace
C97600ACS,ace
C97300ACS,ace
C96500ACH,ace
C96200ACS,ace
C95900ACH,ace
C95700ACS,ace
C95600ACS,ace
C95500ACS,ace
C94700ACS,ace
C94700ACS,ace
C94200ACS,ace
C93900ATB,ace
C93900ACH,ace
C93800ACS,ace
C98900ACS,ace
D19500ACS,ace
C99100ACS,ace
D01600ACS,ace
D08400ACS,ace
D08400ACH,ace
D07700ALQ,ace
D07600ALQ,ace
D04900ALQ,ace
D04100ATB,ace
D04000ATB,ace
D03900ASY,ace
D03800ACS,ace
D03500ACH,ace
D03100ATB,ace
D03000ATB,ace
D02900ATB,ace
D02800ATB,ace
D01900ATB,ace
D00800ACS,ace
C93700ACS,ace
D19700ACS,ace
D21100ACH,ace
D39500ATB,ace
D38600ASY,ace
D38600ASY,ace
D37800ACH,ace
D37700ACS,ace
D37600ACS,ace
D40300ACS,ace
D37500ACS,ace
D37000ACS,ace
D36700ASY,ace
D36600ASY,ace
D34600ATB,ace
D34100ATB,ace
D33200ACH,ace
D37400ACS,ace
D40600ATB,ace
D41000ACH,ace
D41100ACS,ace
D44800ACS,ace
D44700ACS,ace
D44600ACS,ace
D44500ACS,ace
D44400ATB,ace
D44100ASY,ace
D43800ACS,ace
D43700ACS,ace
D43600ACS,ace
D42900ACS,ace
D42800ATB,ace
D42700ACS,ace
D42500ACH,ace
D41900ACS,ace
D41800ACS,ace
D33100ATB,ace
D32300ACH,ace
D32200ATB,ace
D32100ACH,ace
D24500ACS,ace
D24500ACS,ace
D24000ACS,ace
D23900ACS,ace
D23800ACS,ace
D23400ACH,ace
D22600ACS,ace
D22600ACS,ace
D22400ACS,ace
D22300ACS,ace
D22200ACS,ace
D22100ACS,ace
D22000ACS,ace
D21400AGN,ace
D21200ACH,ace
D26700ACS,ace
D19700ACS,ace
D27100ACS,ace
D27200ACS,ace
D30900ACS,ace
D30800ACS,ace
D30700ACS,ace
D29500ACH,ace
D29300AGN,ace
D29200ACS,ace
D29100ACS,ace
D29000ACS,ace
D28800ACS,ace
D28500ACS,ace
D28300ACH,ace
D28200ACS,ace
D28100ACS,ace
D28000ACS,ace
D27900ACS,ace
D27100ACS,ace
D46300ASY,ace
C92600ACS,ace
C92400ACS,ace
B85800ASY,ace
B85700ASY,ace
B66700AGN,ace
B65600ACH,ace
B64600ACH,ace
B58500ACH,ace
B86100ASY,ace
B58400ACE,ace
B54100ASY,ace
B54000ACH,ace
B53600ACH,ace
B52700ACH,ace
B52600ACH,ace
B52500ACH,ace
B54200ACH,ace
B86200ASY,ace
B86300ASY,ace
B86600ALQ,ace
B90200ACH,ace
B89400ASY,ace
B89100ACH,ace
B89100ACE,ace
B89000ACE,ace
E65900ATB,ace
B88400ACH,ace
B88300ACH,ace
B88200ACH,ace
B88100ACH,ace
B87700ACH,ace
B87600ACH,ace
B87300ASY,ace
B87000ACH,ace
B86900ACH,ace
B52300ACH,ace
B50900ACH,ace
B49700ASY,ace
B48200AGN,ace
B40300ACH,ace
B40200ACH,ace
B38700ACH,ace
B38400ACH,ace
B38200ACH,ace
B38100ACH,ace
B37900ACH,ace
B36600ACH,ace
B36400ACH,ace
B36300ACH,ace
B34600ASY,ace
B34100ACH,ace
B31400ACH,ace
B31100ATB,ace
B31000ACH,ace
B40400AGN,ace
B91300ACH,ace
B40500ACH,ace
B40900ATB,ace
B48100ACH,ace
B48000ATB,ace
B47900ACH,ace
B47800ACH,ace
B47700ACH,ace
B47600ASY,ace
B47400ACH,ace
B47300ACH,ace
B47200ACH,ace
B46400ACH,ace
B46000ACE,ace
B44400ASY,ace
B43300ASY,ace
B41000ATB,ace
B41000ATB,ace
B40900ATB,ace
C92500ACS,ace
B94800ALQ,ace
B95800ACH,ace
C56400ASY,ace
C55700ACE,ace
C55400AGN,ace
C53800ATB,ace
C51000ATB,ace
C51000ATB,ace
C56700ACR,ace
C43400ACH,ace
C40200AGN,ace
C36900ALQ,ace
C36800ALQ,ace
C36700ALQ,ace
C34400ALQ,ace
C32900ATB,ace
C41800ALQ,ace
C58100ATB,ace
C59100ASY,ace
C59600ACS,ace
C92300ACS,ace
C92200ACS,ace
C90200ACS,ace
C89900ASY,ace
C89800ASY,ace
C89700ACS,ace
C89600ACS,ace
C89500ACH,ace
C89400ACH,ace
C79000ASY,ace
C78100ACH,ace
C75100ATB,ace
C75000ATB,ace
C68600ACH,ace
C65900ACH,ace
C32200ACS,ace
C24600ACH,ace
C24500ACH,ace
C24400ACH,ace
C11800ACH,ace
C11700ACH,ace
C08400ACH,ace
C08300ACH,ace
C08200ACH,ace
C08100ACH,ace
C04800ACH,ace
C04700ACH,ace
C01800ASY,ace
C01200ACH,ace
B98900ATB,ace
B98600ACH,ace
B98500AGN,ace
B96700ACH,ace
B96600ATB,ace
C11900AGN,ace
B95500ACH,ace
C12000AGN,ace
C13300ACH,ace
C24300ACH,ace
C24200ACH,ace
C24100ACH,ace
C19400ACH,ace
C18300ACH,ace
C16000ACH,ace
C15800ASY,ace
C15700ASY,ace
C15600ASY,ace
C15500ACH,ace
C15400ACH,ace
C13800ACH,ace
C13700ACH,ace
C13600ACH,ace
C13500ACH,ace
C13200ACH,ace
D46600ACS,ace
D46700ACS,ace
D47000ASY,ace
E04800ACS,ace
E04700ACS,ace
E04200ACS,ace
E03900ACH,ace
E03800AGN,ace
E03700ACH,ace
E05600ACH,ace
E03600ATB,ace
E03500ACH,ace
E03400ATB,ace
E03400ATB,ace
E03300ALQ,ace
E03200ACH,ace
E03100ALQ,ace
E03600ATB,ace
E06500ACS,ace
E08100ATB,ace
E09200ACS,ace
E14000ACH,ace
E13800ASY,ace
E12800ACS,ace
E12700ACS,ace
E12600ACS,ace
E12500ACS,ace
E12400ACS,ace
E12100ACS,ace
E11900ACS,ace
E11800ACS,ace
E11700ACS,ace
E11500ACS,ace
E11000ACS,ace
E10900ASY,ace
E10100ACS,ace
E03000ALQ,ace
E02900ASY,ace
E02800ATB,ace
E02700ACH,ace
E00700ACH,ace
E00600ACH,ace
E00500ACH,ace
E00400ACH,ace
E00300ACH,ace
E00100ALQ,ace
D99800ACH,ace
D99700ACH,ace
D99600ACH,ace
D99400ATB,ace
D99200ASY,ace
D99100ASY,ace
D99000ALQ,ace
D98900ALQ,ace
D98800ALQ,ace
E00800ACH,ace
E14700AGN,ace
E00900ALQ,ace
E01100AGN,ace
E02600ASY,ace
E02500ASY,ace
E02400ASY,ace
E02300ASY,ace
E02200ALQ,ace
E02100ACH,ace
E01900ACH,ace
E01800ACH,ace
E01700ACH,ace
E01600ACH,ace
E01500ACH,ace
E01400ATB,ace
E01400ATB,ace
E01300ACH,ace
E01200ACH,ace
E01000ALQ,ace
D98400ACH,ace
E15000ALQ,ace
E15800ACH,ace
E38100ACS,ace
E38000ACS,ace
E37900ACS,ace
E36500ACS,ace
E34900ACS,ace
E34800ACS,ace
E38900ACS,ace
E34700ACS,ace
E33900ALQ,ace
E33800ALQ,ace
E33700ACS,ace
E33600ACS,ace
E33500ASY,ace
E32900ASY,ace
E34000ALQ,ace
E39300ALQ,ace
E43300ALQ,ace
E44600ASY,ace
E65100ACS,ace
E65000ACS,ace
E64900ALQ,ace
E63700ATB,ace
E62700ATB,ace
E62200ACS,ace
E60100ASY,ace
E58100ACS,ace
E58000ACS,ace
E56300ACS,ace
E47100ATB,ace
E46700ASY,ace
E45400ACS,ace
E45300ACS,ace
E45200ACS,ace
E32800ASY,ace
E32700ASY,ace
E32200ASY,ace
E32100ASY,ace
E20800ASY,ace
E20300ATB,ace
E20200ATB,ace
E19701ACS,ace
E19400ACS,ace
E19000ACS,ace
E18300ACS,ace
E18200ACS,ace
E18000ASY,ace
E17400ALQ,ace
E17100ALQ,ace
E16700ATB,ace
E16600ACH,ace
E16200ACS,ace
E16100AGN,ace
E20900ASY,ace
E15700ATB,ace
E21700ACS,ace
E23000ACS,ace
E31600ACS,ace
E31500ACH,ace
E30300AGN,ace
E30200ATB,ace
E30100ACS,ace
E28600ACH,ace
E28200ACH,ace
E27700ACS,ace
E27500ATB,ace
E27400ACS,ace
E25700ASY,ace
E25600ASY,ace
E24400ALQ,ace
E24100AGN,ace
E23800ATB,ace
E22000AGN,ace
D98300ACH,ace
D98200ACH,ace
D98100ACH,ace
D65500ACS,ace
D65200ACS,ace
D63200ASY,ace
D63100ACS,ace
D62100ACS,ace
D62000ACS,ace
D65700ACH,ace
D61400ALQ,ace
D61100ACS,ace
D61000ALQ,ace
D60900ALQ,ace
D60400ACS,ace
D60400ACS,ace
D60300ACS,ace
D61200ACS,ace
D66300ALQ,ace
D66400ASY,ace
D66700ASY,ace
D78400ASY,ace
D76400ACS,ace
D76200ACS,ace
D76100ACS,ace
D75800ATB,ace
D74600ACS,ace
D73800ACH,ace
D73300ATB,ace
D71400ACS,ace
D71300ACS,ace
D70600ACS,ace
D69000ACH,ace
D68300ACH,ace
D68100ACS,ace
D66800ASY,ace
D60000ACS,ace
D59100ACS,ace
D58500ASY,ace
D58400ASY,ace
D53200ALQ,ace
D52900ATB,ace
D52300ATB,ace
D51900ACS,ace
D51700ACS,ace
D51400ALQ,ace
D50800ACS,ace
D49600ACH,ace
D49500ACH,ace
D49300ACH,ace
D49100ATB,ace
D48900ACH,ace
D48100ACH,ace
D48000ATB,ace
D47300AGN,ace
D53600ALQ,ace
D78500ASY,ace
D53800ASY,ace
D54100ACH,ace
D57800ACH,ace
D57500ACS,ace
D57200ATB,ace
D57000ACS,ace
D56200ACH,ace
D55500ASY,ace
D55100ACH,ace
D55000ACS,ace
D54900ACH,ace
D54800ASY,ace
D54700ATB,ace
D54600ACH,ace
D54400ASY,ace
D54300ATB,ace
D54200ACH,ace
D53900ALQ,ace
D79800ACS,ace
D81900ATB,ace
D82000ATB,ace
D95200ALQ,ace
D95100ASY,ace
D95000ASY,ace
D94900ACS,ace
D94800ALQ,ace
D94700ALQ,ace
D94600ASY,ace
D94400ACS,ace
D94300ACH,ace
D94200ACH,ace
D94100ACH,ace
D94000ACH,ace
D93900ACH,ace
D93200ASY,ace
D93100ASY,ace
D95300ALQ,ace
D93000ASY,ace
D95400ALQ,ace
D95600ASY,ace
D97900ACS,ace
D97800ACH,ace
D97700ACH,ace
D97600ATB,ace
D97500ATB,ace
D97400ACH,ace
D97300ACH,ace
D97200ACH,ace
D97100ASY,ace
D97000ACS,ace
D96900ACH,ace
D96800ASY,ace
D96700ASY,ace
D95800ASY,ace
D95700ASY,ace
D95500ALQ,ace
B30700ACH,ace
D92900ALQ,ace
D92700ALQ,ace
D87500ATB,ace
D85300ALQ,ace
D85100ASY,ace
D85000ACS,ace
D84900ACS,ace
D84800ACH,ace
D84700ATB,ace
D84600ACH,ace
D84500ATB,ace
D84200ATB,ace
D83900ALQ,ace
D82400ACH,ace
D82300ACH,ace
D82200ACH,ace
D82100ATB,ace
D87700ATB,ace
D92800ALQ,ace
D87900ACS,ace
D88500ASY,ace
D92600ALQ,ace
D92500ALQ,ace
D92400ASY,ace
D91500ACS,ace
D89700AGN,ace
D89600ASY,ace
D89500ASY,ace
D89400ASY,ace
D89300ASY,ace
D89200ALQ,ace
D89000ASY,ace
D88900ASY,ace
D88800ASY,ace
D88700ASY,ace
D88600ALQ,ace
D88000ACH,ace
B30700ACE,ace
B88900ACH,ace
B30300ALQ,ace
443600ATB,ace
447400ACS,ace
449600ATB,ace
449700ATB,ace
450200ATB,ace
451100ATB,ace
452000ATB,ace
454100ATB,ace
456000ATB,ace
456100ACS,ace
442500ACS,ace
456200ACS,ace
458200ACH,ace
458300ACH,ace
462600ATB,ace
478100ATB,ace
480600ATB,ace
513000ATB,ace
513000ATR,ace
514100ATR,ace
518200ATB,ace
518300ATB,ace
456800ACH,ace
440600ACH,ace
433600ATB,ace
433600ACH,ace
384500APD,ace
384500ATB,ace
384600APD,ace
384600ATB,ace
384800ACH,ace
384900ATB,ace
385000ATB,ace
394700ATB,ace
394800ATB,ace
402400APD,ace
402700ATB,ace
408800ASY,ace
410000ASY,ace
410100ATB,ace
429800ASY,ace
430600ATB,ace
B30400AGN,ace
433100ATB,ace
433200ACH,ace
433400ACH,ace
433400ATB,ace
433500ACH,ace
433500ATB,ace
560200ATB,ace
567600ATB,ace
568700ALQ,ace
571600ACS,ace
A20200ATB,ace
A23400ATB,ace
A23700ATB,ace
A23800ATB,ace
A25000ACH,ace
A25000ACS,ace
A25400ATB,ace
A25500ATB,ace
A28100APD,ace
A28100ATB,ace
A28300ATB,ace
A28500APD,ace
A28600APD,ace
A29400ACH,ace
A30300ATB,ace
A31500ASY,ace
A35000ATB,ace
A39000ACS,ace
A39200ATB,ace
A40000ATB,ace
A40300ATB,ace
A43200ALQ,ace
A43300ALQ,ace
A19800ATB,ace
384400APD,ace
A19700ATB,ace
A18900ATB,ace
573600AGN,ace
577200AGN,ace
578500ASY,ace
595500ACH,ace
685300ALQ,ace
700500BIJ,ace
A03200ATB,ace
A03500ATB,ace
A03900ATB,ace
A04200ATB,ace
A04400ATB,ace
A04500ATB,ace
A04600ACS,ace
A04600ATB,ace
A06400ATB,ace
A06500ATB,ace
A12300ATB,ace
A16700AGN,ace
A16700APD,ace
A16800APD,ace
A16800ASY,ace
A18400ATB,ace
A18700ACS,ace
A19000ACS,ace
A43400ATB,ace
384300APD,ace
384000ATB,ace
101337ASY,ace
101338ASY,ace
101339ASY,ace
101401ATB,ace
101402ATR,ace
101403ASS,ace
101404ATB,ace
101404ATR,ace
101405ATR,ace
101406ATB,ace
101336BIJ,ace
101407ASS,ace
101430ATR,ace
101431ASS,ace
101432ASS,ace
101433ASS,ace
251700ATB,ace
252000ATB,ace
252100ATB,ace
252200ATB,ace
252300ATB,ace
252400ACH,ace
101408ATB,ace
101335BIJ,ace
101334ASS,ace
101333BIJ,ace
101302CLQ,ace
101302CSP,ace
101303ACH,ace
101303ATB,ace
101304AEL,ace
101304ALQ,ace
101304ASS,ace
101305ACH,ace
101305ACS,ace
101305APD,ace
101305ATB,ace
101306ATB,ace
101307ATB,ace
101308BIJ,ace
101309APD,ace
101309ATB,ace
101309BIJ,ace
101310ASY,ace
101311ACS,ace
101330ALQ,ace
101330ASS,ace
101331ALQ,ace
101332ASY,ace
252500ATB,ace
252600ATB,ace
252700ACS,ace
252700ATB,ace
260400ASY,ace
261500ACH,ace
261500ACR,ace
265400ACH,ace
265500ASY,ace
265600ACH,ace
266900ACH,ace
268400ACH,ace
313000ATB,ace
313100ATB,ace
313200ATB,ace
330800CSP,ace
355600APD,ace
362400ASY,ace
363900ASY,ace
371600ATB,ace
371700ATB,ace
371800ATB,ace
377900ATB,ace
378000ATB,ace
378100ATB,ace
380500ATB,ace
383800ATB,ace
257100ATB,ace
384100ATB,ace
256900ATB,ace
255500ATB,ace
252800ACH,ace
253200ATB,ace
253300ATB,ace
253400ATB,ace
253500ATB,ace
253600ACH,ace
253700ACH,ace
253800ATB,ace
253900ACH,ace
254000ATB,ace
254100ATB,ace
254500ASY,ace
254600ASY,ace
254700ATB,ace
254800ACH,ace
254900ACH,ace
254900ALQ,ace
255000ACH,ace
255100ACE,ace
255100ACH,ace
255200ACH,ace
255300ACH,ace
255400ATB,ace
255700ACH,ace
A43500ALQ,ace
433000ATB,ace
A46700ATB,ace
A86800ACH,ace
A86900ACH,ace
A87600ASY,ace
A87900ACH,ace
A88500AGN,ace
A89000ACH,ace
A90500ATB,ace
A91200ALQ,ace
A93400ASY,ace
A93800ACH,ace
A94000ACH,ace
A86600ACH,ace
A94100ASY,ace
A94300ACH,ace
A94400ASY,ace
A95500ASY,ace
A96500APD,ace
A98300ACH,ace
A99100ACH,ace
A99700ACE,ace
A99800ACH,ace
A99900ACH,ace
B01400ACH,ace
B02100ATB,ace
A94200ASY,ace
B05100ACH,ace
A86500ACS,ace
A84400ACH,ace
A66700ATB,ace
A70700ASY,ace
A72100ATB,ace
A75000ATB,ace
A75100ATB,ace
A75500ATB,ace
A78800ATB,ace
A78900ACS,ace
A78900ALQ,ace
A79000ACH,ace
A79100ACH,ace
A86500ACH,ace
A79200ASY,ace
A79400ATB,ace
A79500ATB,ace
A79600ACH,ace
A79700ATB,ace
A79800ACH,ace
A80500ASY,ace
A80600ASY,ace
A81600ACS,ace
A82100ATB,ace
A82600AGN,ace
A82700AGN,ace
A79300ATB,ace
A66500ACH,ace
B05200ALQ,ace
B05800ACE,ace
B18400ATB,ace
B18500ASY,ace
B18600ALQ,ace
B18700ACH,ace
B19400ACH,ace
B19500AGN,ace
B19600ACH,ace
B19700AGN,ace
B20000ACH,ace
B20200ACH,ace
B20400ASY,ace
B18400ACH,ace
B20500ATB,ace
B20900AGN,ace
B21000ATB,ace
B24200ASY,ace
B24300APD,ace
B26700ALQ,ace
B28100ACH,ace
B28300ACH,ace
B28500ACH,ace
B29600ACH,ace
B30100ASY,ace
B30200ALQ,ace
B20600ALQ,ace
B05300ACH,ace
B18200AGN,ace
B17500ACH,ace
B05900ACH,ace
B06000ACS,ace
B06100ATB,ace
B06200ACH,ace
B07100ATB,ace
B07800ATB,ace
B08200ALQ,ace
B08300ALQ,ace
B08400ALQ,ace
B08500ACH,ace
B08600ACH,ace
B18000ATB,ace
B09400ASY,ace
B09500ASY,ace
B09700ACH,ace
B09900ACH,ace
B10000ASY,ace
B10100ALQ,ace
B10200ALQ,ace
B10700ACH,ace
B10800ATB,ace
B10900ACH,ace
B13900ASY,ace
B17100ALQ,ace
B09500ASS,ace
A66400ATB,ace
B00100ACH,ace
E66000ATB,ace
A64700ATB,ace
A51100ATB,ace
A51200ACH,ace
A64500ACH,ace
A63900ATB,ace
A63200ACS,ace
A52500ACH,ace
A52500ATB,ace
A52700ATB,ace
A63100ATB,ace
A63000ACS,ace
A62500ATB,ace
A62100ACH,ace
A61700ATB,ace
A59100ATB,ace
A58800ACH,ace
A57800ATB,ace
A53300ACS,ace
A53400ATB,ace
A53800ATB,ace
A53900ATB,ace
A54300ACH,ace
A54400ACH,ace
A64900ATB,ace
A55500ACS,ace
A56000ASY,ace
A56100AGN,ace
A56200AGN,ace
A57400ATB,ace
A57500ACH,ace
A57700ACH,ace
A55900ASY,ace
A50900ACH,ace
A57600ACH,ace
A46800ATB,ace
A65600ALQ,ace
A50100ACS,ace
A49900ACH,ace
A50000ATB,ace
A50800ACH,ace
E29200CSI,ben
A45000CLQ,ben
B03000CEM,ben
A09800CCM,ben
420201CLQ,ben
D19300CLQ,ben
413504CSP,ben
413502CLQ,ben
413501COS,ben
134904ATR,cla
134903ASY,cla
134905ASY,cla
134902BIJ,cla
134901ATB,cla
134904ATB,cla
134930ASY,cla
134939ASY,cla
134937ASY,cla
134942ASY,cla
134932ASY,cla
134933ASY,cla
134934ASY,cla
134935ASY,cla
134941ASY,cla
134936ASY,cla
134931ASY,cla
134940ASY,cla
134938ASY,cla
143403BIJ,dic
143402ATB,dic
143401ATB,dic
143333CCM,dic
143404BIJ,dic
143204CSI,dic
143332CCM,dic
143331CCM,dic
143330CCM,dic
143303CPL,dic
143302CPL,dic
143301CCM,dic
143203CLQ,dic
143501ACR,dic
143504ACH,dic
143501ATR,dic
143515CPL,dic
143515CPO,dic
251900ATB,dic
143530COS,dic
143531COS,dic
143532COS,dic
143514CPO,dic
143533COS,dic
143535BIJ,dic
143536CCM,dic
143537CCM,dic
143538CPO,dic
143601BIJ,dic
143630BIJ,dic
143534BIJ,dic
143514CPL,dic
143513CPL,dic
143512BIJ,dic
143502ACH,dic
143502BIJ,dic
143503CCM,dic
143202CLQ,dic
143504ATB,dic
143504ATE,dic
143505COS,dic
143506ATB,dic
254400ACH,dic
143506ATE,dic
143507COS,dic
143508COS,dic
143509CPL,dic
143510CPL,dic
143511CPL,dic
143501ATE,dic
332000COS,dic
482801CPL,dic
143201ACR,dic
143201ATR,dic
482802CPO,dic
482801CPO,dic
143631BIJ,dic
E51800CLQ,dip
A27004ALQ,dip
A27003ALQ,dip
A27002ATD,dip
E50200CCM,dip
A27002ATB,dip
E33200ATB,dip
B34800COM,dip
A27001ATB,dip
D04800COM,dip
B24500CPL,dip
E08500CCM,dip
E50200CLQ,dip
A27002ACS,dip
D10900ACS,dip
E50000CCM,dip
E09300CSI,dip
D13600ACS,dip
A35900COM,dip
E48000COM,dip
E37800CCM,dip
E49500CLQ,dip
E49600CLQ,dip
E37700CCM,dip
E37600CCM,dip
E37500CCM,dip
E49700CAE,dip
E49800CAE,dip
E36000CCM,dip
E35900CCM,dip
E35800CCM,dip
D13800ACS,dip
E50100CCM,dip
E09500CCM,dip
E54400COM,dip
E50300CCM,dip
E20600CCM,dip
E17300CCM,dip
E20700ATE,dip
E25300COM,dip
E52000CCM,dip
E25400COM,dip
E26700CLQ,dip
E27100CCM,dip
E27200CCM,dip
E51700CCM,dip
E51200CCM,dip
D17200ACS,dip
E13300ATE,dip
E29300CCM,dip
E29400CCM,dip
A27001ACH,dip
B11800CAE,dip
E54300COM,dip
E50300CLQ,dip
E10900ASY,dip
B14400CCM,dip
E51100CCM,dip
E54200COM,dip
B16800CLT,dip
E53900CLT,dip
B14300CPL,dip
E52100CLQ,dip
B14200CPO,dip
B14100CAE,dip
A27001ACS,dip
B13200CLT,dip
E32500CCM,dip
A30600ALQ,dip
C81100CPL,dip
D74800CCM,dip
384000ATB,dip
D59000CLQ,dip
A96300CCM,dip
D22600ACS,dip
A97400CLQ,dip
A57300CCM,dip
A98600CPO,dip
A98900CPO,dip
C94700ACS,dip
A57200CCM,dip
B95400CPL,dip
B94800ALQ,dip
A88000COM,dip
D58500ASY,dip
B04700CLQ,dip
D56300CPO,dip
D89500ASY,dip
698900CCM,dip
D89600ASY,dip
D56100CPO,dip
A54000ACS,dip
D56100CPL,dip
672300CAE,dip
D63800CPC,dip
A23900COM,dip
D17500ACS,dip
B04700CCM,dip
A96100CPL,dip
A95900COM,dip
268500ACH,dip
A93300CPO,dip
344700COM,dip
344600CLT,dip
344100CLQ,dip
D61300CLQ,dip
342500CPO,dip
342300CPO,dip
342200CPO,dip
A93200CLQ,dip
342100CPO,dip
D70900CPO,dip
342000CLN,dip
341900CLQ,dip
D71500CLQ,dip
341900CCM,dip
D73400CCM,dip
D73500CLN,dip
D73500CLQ,dip
341800CCM,dip
341500CPO,dip
341000CCM,dip
338500COM,dip
D27100ACS,dip
D60400ACS,dip
A12300ATB,dip
A95900CCM,dip
268500ATB,dip
D17400ACS,dip
A25400ATB,dip
D17600ACS,dip
384900ATB,dip
D17300ACS,dip
C85700CPL,dip
C85600CPL,dip
C85500CPL,dip
C85400CPL,dip
C85300CPL,dip
C85200CPL,dip
A70900CPO,dip
C74500CPL,dip
C51100ACS,dip
C74900ACH,dip
D41500CLQ,dip
D41500CGL,dip
D37900CLQ,dip
D38400CCM,dip
D40700CCM,dip
459600COM,dip
D38500CCM,dip
D39600CCM,dip
C81000CPL,dip
D41700CCM,dip
C48600ASY,dip
D63800CPL,dip
C48300CAE,dip
C89800ASY,dip
573300COM,dip
408000CLQ,dip
A80700CLT,dip
A81100COM,dip
C48400CPL,dip
D52200CCM,dip
C42500CPL,dip
A25500ATB,dip
E61300ACS,ibu
B18600ALQ,ibu
E58700ACS,ibu
D07100ATB,ibu
685200ACS,ibu
B37400ACH,ibu
669903CCM,ibu
601402ATB,ibu
A66700ATB,ibu
D08100ACS,ibu
456600ASY,ibu
363603ATB,ibu
669902CCM,ibu
669901CCM,ibu
C93600ATB,ibu
700500BIJ,ibu
D35400ACS,ibu
D47800ATB,ibu
A38801ATB,ibu
A38802ATB,ibu
440900ASY,ibu
441500AGN,ibu
C92900ACS,ibu
441500ATB,ibu
D52700ACS,ibu
E38700ACS,ibu
D51001ATB,ibu
447900ASS,ibu
384200ATB,ibu
E30600ACS,ibu
378200ATB,ibu
D51002ATB,ibu
378200ACS,ibu
451000AGN,ibu
D03700ATB,ibu
D35900ATB,ibu
172847BIJ,ibu
363602ATB,ibu
172813ASY,ibu
172812BIJ,ibu
172811ASY,ibu
172810ASY,ibu
172809ATB,ibu
172808CCM,ibu
172807ATR,ibu
172807ATB,ibu
172806BIJ,ibu
172806ATB,ibu
172806ACS,ibu
172805ACH,ibu
172804ASY,ibu
D64300CCM,ibu
172802ATB,ibu
172830BIJ,ibu
172831ASY,ibu
172832ASY,ibu
172833ASY,ibu
172850BIJ,ibu
172849BIJ,ibu
172848BIJ,ibu
172846ASY,ibu
172845CPL,ibu
172844BIJ,ibu
172843ASY,ibu
172802ACS,ibu
172842BIJ,ibu
172840ASY,ibu
172839ASY,ibu
172838ASY,ibu
172837ASY,ibu
172836ASY,ibu
172835ASY,ibu
172834ASY,ibu
172841ASY,ibu
172802ACH,ibu
172803CSP,ibu
172801ATB,ibu
D21900ACS,ibu
B90200ACH,ibu
172801CSP,ibu
D83300ASY,ibu
D83200ASY,ibu
D82500ATB,ibu
E15400CCM,ibu
D79701ATB,ibu
313300ATB,ibu
313400ACH,ibu
E17900ATB,ibu
D78300ACS,ibu
E23500ACS,ibu
D67000CCM,ibu
363601ATB,ibu
A20000ATB,ibu
D20600ATB,ibu
A56900ATB,ibu
D19100ACH,ibu
D17800ACH,ibu
E05300CCM,ibu
D02400ATB,ibu
172801ACH,ibu
D20400ATB,ibu
189003ATB,mef
189002ASY,mef
A47000ATB,mef
189001ATB,mef
189001ACS,mef
189001ACH,mef
225302ATB,rox
225303ATB,rox
225304ASS,rox
225302AGN,rox
225330AGN,rox
225331AGN,rox
225332ASS,rox
225333AGN,rox
225334AGN,rox
225335AGN,rox
225336AGN,rox
225337AGN,rox
225302ASS,rox
225301ATB,rox
